<PAMDataset>
  <PAMRasterBand band="1">
    <ColorInterp>Palette</ColorInterp>
    <ColorTable>
      <Entry c1="255" c2="255" c3="0" c4="255" />
      <Entry c1="243" c2="255" c3="0" c4="255" />
      <Entry c1="230" c2="255" c3="0" c4="255" />
      <Entry c1="217" c2="255" c3="0" c4="255" />
      <Entry c1="204" c2="255" c3="0" c4="255" />
      <Entry c1="191" c2="255" c3="0" c4="255" />
      <Entry c1="178" c2="255" c3="0" c4="255" />
      <Entry c1="165" c2="255" c3="0" c4="255" />
      <Entry c1="152" c2="255" c3="0" c4="255" />
      <Entry c1="140" c2="255" c3="0" c4="255" />
      <Entry c1="127" c2="255" c3="0" c4="255" />
      <Entry c1="114" c2="255" c3="0" c4="255" />
      <Entry c1="101" c2="255" c3="0" c4="255" />
      <Entry c1="88" c2="255" c3="0" c4="255" />
      <Entry c1="75" c2="255" c3="0" c4="255" />
      <Entry c1="62" c2="255" c3="0" c4="255" />
      <Entry c1="49" c2="255" c3="0" c4="255" />
      <Entry c1="37" c2="255" c3="0" c4="255" />
      <Entry c1="24" c2="255" c3="0" c4="255" />
      <Entry c1="11" c2="255" c3="0" c4="255" />
      <Entry c1="0" c2="255" c3="2" c4="255" />
      <Entry c1="0" c2="255" c3="15" c4="255" />
      <Entry c1="0" c2="255" c3="28" c4="255" />
      <Entry c1="0" c2="255" c3="41" c4="255" />
      <Entry c1="0" c2="255" c3="54" c4="255" />
      <Entry c1="0" c2="255" c3="66" c4="255" />
      <Entry c1="0" c2="255" c3="79" c4="255" />
      <Entry c1="0" c2="255" c3="92" c4="255" />
      <Entry c1="0" c2="255" c3="105" c4="255" />
      <Entry c1="0" c2="255" c3="118" c4="255" />
      <Entry c1="0" c2="255" c3="131" c4="255" />
      <Entry c1="0" c2="255" c3="144" c4="255" />
      <Entry c1="0" c2="255" c3="157" c4="255" />
      <Entry c1="0" c2="255" c3="170" c4="255" />
      <Entry c1="0" c2="255" c3="182" c4="255" />
      <Entry c1="0" c2="255" c3="195" c4="255" />
      <Entry c1="0" c2="255" c3="208" c4="255" />
      <Entry c1="0" c2="255" c3="221" c4="255" />
      <Entry c1="0" c2="255" c3="234" c4="255" />
      <Entry c1="0" c2="255" c3="247" c4="255" />
      <Entry c1="0" c2="250" c3="255" c4="255" />
      <Entry c1="0" c2="237" c3="255" c4="255" />
      <Entry c1="0" c2="225" c3="255" c4="255" />
      <Entry c1="0" c2="212" c3="255" c4="255" />
      <Entry c1="0" c2="199" c3="255" c4="255" />
      <Entry c1="0" c2="186" c3="255" c4="255" />
      <Entry c1="0" c2="173" c3="255" c4="255" />
      <Entry c1="0" c2="160" c3="255" c4="255" />
      <Entry c1="0" c2="147" c3="255" c4="255" />
      <Entry c1="0" c2="134" c3="255" c4="255" />
      <Entry c1="0" c2="122" c3="255" c4="255" />
      <Entry c1="0" c2="109" c3="255" c4="255" />
      <Entry c1="0" c2="96" c3="255" c4="255" />
      <Entry c1="0" c2="83" c3="255" c4="255" />
      <Entry c1="0" c2="70" c3="255" c4="255" />
      <Entry c1="0" c2="57" c3="255" c4="255" />
      <Entry c1="0" c2="44" c3="255" c4="255" />
      <Entry c1="0" c2="31" c3="255" c4="255" />
      <Entry c1="0" c2="19" c3="255" c4="255" />
      <Entry c1="0" c2="6" c3="255" c4="255" />
      <Entry c1="7" c2="0" c3="255" c4="255" />
      <Entry c1="20" c2="0" c3="255" c4="255" />
      <Entry c1="33" c2="0" c3="255" c4="255" />
      <Entry c1="46" c2="0" c3="255" c4="255" />
      <Entry c1="59" c2="0" c3="255" c4="255" />
      <Entry c1="72" c2="0" c3="255" c4="255" />
      <Entry c1="85" c2="0" c3="255" c4="255" />
      <Entry c1="97" c2="0" c3="255" c4="255" />
      <Entry c1="110" c2="0" c3="255" c4="255" />
      <Entry c1="123" c2="0" c3="255" c4="255" />
      <Entry c1="136" c2="0" c3="255" c4="255" />
      <Entry c1="149" c2="0" c3="255" c4="255" />
      <Entry c1="162" c2="0" c3="255" c4="255" />
      <Entry c1="175" c2="0" c3="255" c4="255" />
      <Entry c1="188" c2="0" c3="255" c4="255" />
      <Entry c1="200" c2="0" c3="255" c4="255" />
      <Entry c1="213" c2="0" c3="255" c4="255" />
      <Entry c1="226" c2="0" c3="255" c4="255" />
      <Entry c1="239" c2="0" c3="255" c4="255" />
      <Entry c1="252" c2="0" c3="255" c4="255" />
      <Entry c1="255" c2="0" c3="245" c4="255" />
      <Entry c1="255" c2="0" c3="232" c4="255" />
      <Entry c1="255" c2="0" c3="219" c4="255" />
      <Entry c1="255" c2="0" c3="207" c4="255" />
      <Entry c1="255" c2="0" c3="194" c4="255" />
      <Entry c1="255" c2="0" c3="181" c4="255" />
      <Entry c1="255" c2="0" c3="168" c4="255" />
      <Entry c1="255" c2="0" c3="155" c4="255" />
      <Entry c1="255" c2="0" c3="142" c4="255" />
      <Entry c1="255" c2="0" c3="129" c4="255" />
      <Entry c1="255" c2="0" c3="116" c4="255" />
      <Entry c1="255" c2="0" c3="104" c4="255" />
      <Entry c1="255" c2="0" c3="91" c4="255" />
      <Entry c1="255" c2="0" c3="78" c4="255" />
      <Entry c1="255" c2="0" c3="65" c4="255" />
      <Entry c1="255" c2="0" c3="52" c4="255" />
      <Entry c1="255" c2="0" c3="39" c4="255" />
      <Entry c1="255" c2="0" c3="26" c4="255" />
      <Entry c1="255" c2="0" c3="13" c4="255" />
      <Entry c1="255" c2="0" c3="0" c4="255" />
      <Entry c1="0" c2="0" c3="0" c4="255" />
      <Entry c1="0" c2="0" c3="0" c4="255" />
      <Entry c1="0" c2="0" c3="0" c4="255" />
      <Entry c1="0" c2="0" c3="0" c4="255" />
      <Entry c1="0" c2="0" c3="0" c4="255" />
      <Entry c1="0" c2="0" c3="0" c4="255" />
      <Entry c1="0" c2="0" c3="0" c4="255" />
      <Entry c1="0" c2="0" c3="0" c4="255" />
      <Entry c1="0" c2="0" c3="0" c4="255" />
      <Entry c1="0" c2="0" c3="0" c4="255" />
      <Entry c1="0" c2="0" c3="0" c4="255" />
      <Entry c1="0" c2="0" c3="0" c4="255" />
      <Entry c1="0" c2="0" c3="0" c4="255" />
      <Entry c1="0" c2="0" c3="0" c4="255" />
      <Entry c1="0" c2="0" c3="0" c4="255" />
      <Entry c1="0" c2="0" c3="0" c4="255" />
      <Entry c1="0" c2="0" c3="0" c4="255" />
      <Entry c1="0" c2="0" c3="0" c4="255" />
      <Entry c1="0" c2="0" c3="0" c4="255" />
      <Entry c1="0" c2="0" c3="0" c4="255" />
      <Entry c1="0" c2="0" c3="0" c4="255" />
      <Entry c1="0" c2="0" c3="0" c4="255" />
      <Entry c1="0" c2="0" c3="0" c4="255" />
      <Entry c1="0" c2="0" c3="0" c4="255" />
      <Entry c1="0" c2="0" c3="0" c4="255" />
      <Entry c1="0" c2="0" c3="0" c4="255" />
      <Entry c1="0" c2="0" c3="0" c4="255" />
      <Entry c1="0" c2="0" c3="0" c4="255" />
      <Entry c1="0" c2="0" c3="0" c4="255" />
      <Entry c1="0" c2="0" c3="0" c4="255" />
      <Entry c1="0" c2="0" c3="0" c4="255" />
      <Entry c1="0" c2="0" c3="0" c4="255" />
      <Entry c1="0" c2="0" c3="0" c4="255" />
      <Entry c1="0" c2="0" c3="0" c4="255" />
      <Entry c1="0" c2="0" c3="0" c4="255" />
      <Entry c1="0" c2="0" c3="0" c4="255" />
      <Entry c1="0" c2="0" c3="0" c4="255" />
      <Entry c1="0" c2="0" c3="0" c4="255" />
      <Entry c1="0" c2="0" c3="0" c4="255" />
      <Entry c1="0" c2="0" c3="0" c4="255" />
      <Entry c1="0" c2="0" c3="0" c4="255" />
      <Entry c1="0" c2="0" c3="0" c4="255" />
      <Entry c1="0" c2="0" c3="0" c4="255" />
      <Entry c1="0" c2="0" c3="0" c4="255" />
      <Entry c1="0" c2="0" c3="0" c4="255" />
      <Entry c1="0" c2="0" c3="0" c4="255" />
      <Entry c1="0" c2="0" c3="0" c4="255" />
      <Entry c1="0" c2="0" c3="0" c4="255" />
      <Entry c1="0" c2="0" c3="0" c4="255" />
      <Entry c1="0" c2="0" c3="0" c4="255" />
      <Entry c1="0" c2="0" c3="0" c4="255" />
      <Entry c1="0" c2="0" c3="0" c4="255" />
      <Entry c1="0" c2="0" c3="0" c4="255" />
      <Entry c1="0" c2="0" c3="0" c4="255" />
      <Entry c1="0" c2="0" c3="0" c4="255" />
      <Entry c1="0" c2="0" c3="0" c4="255" />
      <Entry c1="0" c2="0" c3="0" c4="255" />
      <Entry c1="0" c2="0" c3="0" c4="255" />
      <Entry c1="0" c2="0" c3="0" c4="255" />
      <Entry c1="0" c2="0" c3="0" c4="255" />
      <Entry c1="0" c2="0" c3="0" c4="255" />
      <Entry c1="0" c2="0" c3="0" c4="255" />
      <Entry c1="0" c2="0" c3="0" c4="255" />
      <Entry c1="0" c2="0" c3="0" c4="255" />
      <Entry c1="0" c2="0" c3="0" c4="255" />
      <Entry c1="0" c2="0" c3="0" c4="255" />
      <Entry c1="0" c2="0" c3="0" c4="255" />
      <Entry c1="0" c2="0" c3="0" c4="255" />
      <Entry c1="0" c2="0" c3="0" c4="255" />
      <Entry c1="0" c2="0" c3="0" c4="255" />
      <Entry c1="0" c2="0" c3="0" c4="255" />
      <Entry c1="0" c2="0" c3="0" c4="255" />
      <Entry c1="0" c2="0" c3="0" c4="255" />
      <Entry c1="0" c2="0" c3="0" c4="255" />
      <Entry c1="0" c2="0" c3="0" c4="255" />
      <Entry c1="0" c2="0" c3="0" c4="255" />
      <Entry c1="0" c2="0" c3="0" c4="255" />
      <Entry c1="0" c2="0" c3="0" c4="255" />
      <Entry c1="0" c2="0" c3="0" c4="255" />
      <Entry c1="0" c2="0" c3="0" c4="255" />
      <Entry c1="0" c2="0" c3="0" c4="255" />
      <Entry c1="0" c2="0" c3="0" c4="255" />
      <Entry c1="0" c2="0" c3="0" c4="255" />
      <Entry c1="0" c2="0" c3="0" c4="255" />
      <Entry c1="0" c2="0" c3="0" c4="255" />
      <Entry c1="0" c2="0" c3="0" c4="255" />
      <Entry c1="0" c2="0" c3="0" c4="255" />
      <Entry c1="0" c2="0" c3="0" c4="255" />
      <Entry c1="0" c2="0" c3="0" c4="255" />
      <Entry c1="0" c2="0" c3="0" c4="255" />
      <Entry c1="0" c2="0" c3="0" c4="255" />
      <Entry c1="0" c2="0" c3="0" c4="255" />
      <Entry c1="0" c2="0" c3="0" c4="255" />
      <Entry c1="0" c2="0" c3="0" c4="255" />
      <Entry c1="0" c2="0" c3="0" c4="255" />
      <Entry c1="0" c2="0" c3="0" c4="255" />
      <Entry c1="0" c2="0" c3="0" c4="255" />
      <Entry c1="0" c2="0" c3="0" c4="255" />
      <Entry c1="0" c2="0" c3="0" c4="255" />
      <Entry c1="0" c2="0" c3="0" c4="255" />
      <Entry c1="0" c2="0" c3="0" c4="255" />
      <Entry c1="0" c2="0" c3="0" c4="255" />
      <Entry c1="0" c2="0" c3="0" c4="255" />
      <Entry c1="0" c2="0" c3="0" c4="255" />
      <Entry c1="0" c2="0" c3="0" c4="255" />
      <Entry c1="0" c2="0" c3="0" c4="255" />
      <Entry c1="0" c2="0" c3="0" c4="255" />
      <Entry c1="0" c2="0" c3="0" c4="255" />
      <Entry c1="0" c2="0" c3="0" c4="255" />
      <Entry c1="0" c2="0" c3="0" c4="255" />
      <Entry c1="0" c2="0" c3="0" c4="255" />
      <Entry c1="0" c2="0" c3="0" c4="255" />
      <Entry c1="0" c2="0" c3="0" c4="255" />
      <Entry c1="0" c2="0" c3="0" c4="255" />
      <Entry c1="0" c2="0" c3="0" c4="255" />
      <Entry c1="0" c2="0" c3="0" c4="255" />
      <Entry c1="0" c2="0" c3="0" c4="255" />
      <Entry c1="0" c2="0" c3="0" c4="255" />
      <Entry c1="0" c2="0" c3="0" c4="255" />
      <Entry c1="0" c2="0" c3="0" c4="255" />
      <Entry c1="0" c2="0" c3="0" c4="255" />
      <Entry c1="0" c2="0" c3="0" c4="255" />
      <Entry c1="0" c2="0" c3="0" c4="255" />
      <Entry c1="0" c2="0" c3="0" c4="255" />
      <Entry c1="0" c2="0" c3="0" c4="255" />
      <Entry c1="0" c2="0" c3="0" c4="255" />
      <Entry c1="0" c2="0" c3="0" c4="255" />
      <Entry c1="0" c2="0" c3="0" c4="255" />
      <Entry c1="0" c2="0" c3="0" c4="255" />
      <Entry c1="0" c2="0" c3="0" c4="255" />
      <Entry c1="0" c2="0" c3="0" c4="255" />
      <Entry c1="0" c2="0" c3="0" c4="255" />
      <Entry c1="0" c2="0" c3="0" c4="255" />
      <Entry c1="0" c2="0" c3="0" c4="255" />
      <Entry c1="0" c2="0" c3="0" c4="255" />
      <Entry c1="0" c2="0" c3="0" c4="255" />
      <Entry c1="0" c2="0" c3="0" c4="255" />
      <Entry c1="0" c2="0" c3="0" c4="255" />
      <Entry c1="0" c2="0" c3="0" c4="255" />
      <Entry c1="0" c2="0" c3="0" c4="255" />
      <Entry c1="0" c2="0" c3="0" c4="255" />
      <Entry c1="0" c2="0" c3="0" c4="255" />
      <Entry c1="0" c2="0" c3="0" c4="255" />
      <Entry c1="0" c2="0" c3="0" c4="255" />
      <Entry c1="0" c2="0" c3="0" c4="255" />
      <Entry c1="0" c2="0" c3="0" c4="255" />
      <Entry c1="0" c2="0" c3="0" c4="255" />
      <Entry c1="0" c2="0" c3="0" c4="255" />
      <Entry c1="0" c2="0" c3="0" c4="255" />
      <Entry c1="0" c2="0" c3="0" c4="255" />
      <Entry c1="0" c2="0" c3="0" c4="255" />
      <Entry c1="0" c2="0" c3="0" c4="255" />
      <Entry c1="0" c2="0" c3="0" c4="255" />
      <Entry c1="0" c2="0" c3="0" c4="255" />
      <Entry c1="0" c2="0" c3="0" c4="255" />
      <Entry c1="0" c2="0" c3="0" c4="255" />
    </ColorTable>
    <Metadata>
      <MDI key="COLOR_TABLE_RULE_RGB_0">0.000000e+00 1.980000e+01 255 255 0 0 255 0</MDI>
      <MDI key="COLOR_TABLE_RULE_RGB_1">1.980000e+01 3.960000e+01 0 255 0 0 255 255</MDI>
      <MDI key="COLOR_TABLE_RULE_RGB_2">3.960000e+01 5.940000e+01 0 255 255 0 0 255</MDI>
      <MDI key="COLOR_TABLE_RULE_RGB_3">5.940000e+01 7.920000e+01 0 0 255 255 0 255</MDI>
      <MDI key="COLOR_TABLE_RULE_RGB_4">7.920000e+01 9.900000e+01 255 0 255 255 0 0</MDI>
      <MDI key="COLOR_TABLE_RULES_COUNT">5</MDI>
      <MDI key="STATISTICS_MAXIMUM">99</MDI>
      <MDI key="STATISTICS_MEAN">49.794</MDI>
      <MDI key="STATISTICS_MINIMUM">0</MDI>
      <MDI key="STATISTICS_STDDEV">28.148207118749</MDI>
    </Metadata>
  </PAMRasterBand>
</PAMDataset>
